Benchmark,Server,Tool,Hidden Labels,Annotator 1,Annotator 2,Consensus
MCPWild,@azure/mcp@3.0.0-beta.47,eventgrid,SINK,yes,no,yes
MCPWild,github-mcp-server@v1.12.2,assign_copilot_to_issue,SECRET,yes,no,no
MCPWild,mcp-grafana@1.6.1,create_incident,SECRET,yes,no,no
MCPWild,@azure-devops/mcp@2.10.0,work_capacity_write,SECRET,yes,no,yes
MCPWild,chrome-devtools-mcp@1.10.1,type_text,SECRET UNTRUSTED,no,yes,yes
MCPWild,cursor-talk-to-figma-mcp@0.3.5,move_node,SECRET,yes,no,yes
MCPWild,cursor-talk-to-figma-mcp@0.3.5,resize_node,SECRET,yes,no,yes
MCPWild,cursor-talk-to-figma-mcp@0.3.5,set_axis_align,SECRET,yes,no,yes
MCPWild,cursor-talk-to-figma-mcp@0.3.5,set_corner_radius,SECRET UNTRUSTED,yes,no,yes
MCPWild,cursor-talk-to-figma-mcp@0.3.5,set_fill_color,SECRET,yes,no,yes
MCPWild,cursor-talk-to-figma-mcp@0.3.5,set_focus,SECRET,yes,no,yes
MCPWild,cursor-talk-to-figma-mcp@0.3.5,set_item_spacing,SECRET,yes,no,yes
MCPWild,cursor-talk-to-figma-mcp@0.3.5,set_layout_mode,SECRET,yes,no,yes
MCPWild,cursor-talk-to-figma-mcp@0.3.5,set_layout_sizing,SECRET,yes,no,yes
MCPWild,cursor-talk-to-figma-mcp@0.3.5,set_padding,SECRET,yes,no,yes
MCPWild,cursor-talk-to-figma-mcp@0.3.5,set_selections,SECRET,yes,no,yes
MCPWild,cursor-talk-to-figma-mcp@0.3.5,set_stroke_color,SECRET,yes,no,yes
MCPWild,cursor-talk-to-figma-mcp@0.3.5,set_text_content,SECRET,yes,no,yes
MCPWild,@modelcontextprotocol/server-filesystem@2026.8.31,write_file,SECRET,yes,no,no
MCPWild,@modelcontextprotocol/server-memory@2026.8.31,add_observations,SECRET,yes,no,yes
MCPWild,ableton-mcp@1.4.5,delete_clip,SECRET,yes,no,no
MCPWild,ableton-mcp@1.4.5,prefer_candidate,SECRET,yes,no,no
MCPWild,ableton-mcp@1.4.5,record_audition,SECRET,yes,no,no
MCPWild,mcp-atlassian@0.23.1,jira_add_worklog,SECRET,yes,no,no
MCPWild,mcp-memory-service@11.14.0,memory_store_session,SECRET UNTRUSTED,yes,no,yes
MCPWild,semgrep@1.178.0,semgrep_rule_schema,SINK UNTRUSTED,yes,no,yes
MCPWild,workspace-mcp@1.29.0,format_sheet_range,SECRET,no,yes,yes
MCPWild,workspace-mcp@1.29.0,insert_smart_chips,SECRET,no,yes,yes
MCPWild,workspace-mcp@1.29.0,manage_document_comment,SECRET,yes,no,no
MCPWild,mcp-grafana@1.6.1,find_error_pattern_logs,SECRET,no,no,yes
MCPWild,mcp-grafana@1.6.1,get_sift_analysis,SECRET,no,no,yes
MCPWild,mcp-grafana@1.6.1,create_datasource,SECRET SINK,no,no,yes
